STATION,STATION_NAME,DATE,TAVG,TMAX,TMIN,TOBS
GHCND:USS0012M26S,AGUA CANYON UT US,20120101,40,51,33,37
GHCND:USS0012M26S,AGUA CANYON UT US,20120102,38,45,33,38
GHCND:USS0012M26S,AGUA CANYON UT US,20120103,42,52,35,38
GHCND:USS0012M26S,AGUA CANYON UT US,20120104,42,52,35,38
GHCND:USS0012M26S,AGUA CANYON UT US,20120105,42,55,35,37
GHCND:USS0012M26S,AGUA CANYON UT US,20120106,39,50,35,35
GHCND:USS0012M26S,AGUA CANYON UT US,20120107,27,36,17,17
GHCND:USS0012M26S,AGUA CANYON UT US,20120108,21,32,13,23
GHCND:USS0012M26S,AGUA CANYON UT US,20120109,35,48,21,33
GHCND:USS0012M26S,AGUA CANYON UT US,20120110,38,52,31,32
GHCND:USS0012M26S,AGUA CANYON UT US,20120111,25,32,17,19
GHCND:USS0012M26S,AGUA CANYON UT US,20120112,26,38,17,24
GHCND:USS0012M26S,AGUA CANYON UT US,20120113,32,44,22,33
GHCND:USS0012M26S,AGUA CANYON UT US,20120114,38,50,32,33
GHCND:USS0012M26S,AGUA CANYON UT US,20120115,32,40,25,26
GHCND:USS0012M26S,AGUA CANYON UT US,20120116,22,29,15,19
GHCND:USS0012M26S,AGUA CANYON UT US,20120117,25,34,17,27
GHCND:USS0012M26S,AGUA CANYON UT US,20120118,36,44,27,38
GHCND:USS0012M26S,AGUA CANYON UT US,20120119,40,50,32,36
GHCND:USS0012M26S,AGUA CANYON UT US,20120120,37,46,31,34
GHCND:USS0012M26S,AGUA CANYON UT US,20120121,28,35,20,20
GHCND:USS0012M26S,AGUA CANYON UT US,20120122,23,34,16,24
GHCND:USS0012M26S,AGUA CANYON UT US,20120123,24,27,22,24
GHCND:USS0012M26S,AGUA CANYON UT US,20120124,23,31,19,23
GHCND:USS0012M26S,AGUA CANYON UT US,20120125,34,47,22,35
GHCND:USS0012M26S,AGUA CANYON UT US,20120126,36,45,29,30
GHCND:USS0012M26S,AGUA CANYON UT US,20120127,24,31,16,20
GHCND:USS0012M26S,AGUA CANYON UT US,20120128,29,42,17,31
GHCND:USS0012M26S,AGUA CANYON UT US,20120129,36,46,29,34
GHCND:USS0012M26S,AGUA CANYON UT US,20120130,35,45,31,31
GHCND:USS0012M26S,AGUA CANYON UT US,20120131,33,45,28,28
GHCND:USS0012M26S,AGUA CANYON UT US,20120201,31,43,24,24
GHCND:USS0012M26S,AGUA CANYON UT US,20120202,23,28,18,19
GHCND:USS0012M26S,AGUA CANYON UT US,20120203,23,34,17,22
GHCND:USS0012M26S,AGUA CANYON UT US,20120204,24,32,20,21
GHCND:USS0012M26S,AGUA CANYON UT US,20120205,23,32,18,20
GHCND:USS0012M26S,AGUA CANYON UT US,20120206,22,34,16,19
GHCND:USS0012M26S,AGUA CANYON UT US,20120207,24,31,17,25
GHCND:USS0012M26S,AGUA CANYON UT US,20120208,32,45,25,29
GHCND:USS0012M26S,AGUA CANYON UT US,20120209,33,43,24,31
GHCND:USS0012M26S,AGUA CANYON UT US,20120210,38,51,30,34
GHCND:USS0012M26S,AGUA CANYON UT US,20120211,36,46,29,30
GHCND:USS0012M26S,AGUA CANYON UT US,20120212,28,38,21,22
GHCND:USS0012M26S,AGUA CANYON UT US,20120213,26,32,22,22
GHCND:USS0012M26S,AGUA CANYON UT US,20120214,22,31,16,18
GHCND:USS0012M26S,AGUA CANYON UT US,20120215,22,27,15,21
GHCND:USS0012M26S,AGUA CANYON UT US,20120216,24,34,16,21
GHCND:USS0012M26S,AGUA CANYON UT US,20120217,28,40,20,28
GHCND:USS0012M26S,AGUA CANYON UT US,20120218,32,46,26,27
GHCND:USS0012M26S,AGUA CANYON UT US,20120219,20,29,10,11
GHCND:USS0012M26S,AGUA CANYON UT US,20120220,23,41,10,24
GHCND:USS0012M26S,AGUA CANYON UT US,20120221,31,46,21,32
GHCND:USS0012M26S,AGUA CANYON UT US,20120222,37,49,30,34
GHCND:USS0012M26S,AGUA CANYON UT US,20120223,27,36,17,18
GHCND:USS0012M26S,AGUA CANYON UT US,20120224,29,40,17,31
GHCND:USS0012M26S,AGUA CANYON UT US,20120225,34,44,21,22
GHCND:USS0012M26S,AGUA CANYON UT US,20120226,23,34,14,23
GHCND:USS0012M26S,AGUA CANYON UT US,20120227,28,38,22,23
GHCND:USS0012M26S,AGUA CANYON UT US,20120228,22,29,19,20
GHCND:USS0012M26S,AGUA CANYON UT US,20120229,24,33,18,24
GHCND:USS0012M26S,AGUA CANYON UT US,20120301,23,31,11,11
GHCND:USS0012M26S,AGUA CANYON UT US,20120302,14,24,7,16
GHCND:USS0012M26S,AGUA CANYON UT US,20120303,27,40,15,28
GHCND:USS0012M26S,AGUA CANYON UT US,20120304,38,56,25,36
GHCND:USS0012M26S,AGUA CANYON UT US,20120305,43,54,35,37
GHCND:USS0012M26S,AGUA CANYON UT US,20120306,36,45,21,22
GHCND:USS0012M26S,AGUA CANYON UT US,20120307,18,25,11,18
GHCND:USS0012M26S,AGUA CANYON UT US,20120308,28,41,14,31
GHCND:USS0012M26S,AGUA CANYON UT US,20120309,38,49,29,31
GHCND:USS0012M26S,AGUA CANYON UT US,20120310,38,50,30,35
GHCND:USS0012M26S,AGUA CANYON UT US,20120311,37,47,31,33
GHCND:USS0012M26S,AGUA CANYON UT US,20120312,37,47,30,35
GHCND:USS0012M26S,AGUA CANYON UT US,20120313,39,50,32,35
GHCND:USS0012M26S,AGUA CANYON UT US,20120314,40,50,31,36
GHCND:USS0012M26S,AGUA CANYON UT US,20120315,43,54,32,38
GHCND:USS0012M26S,AGUA CANYON UT US,20120316,43,53,35,38
GHCND:USS0012M26S,AGUA CANYON UT US,20120317,36,42,30,30
GHCND:USS0012M26S,AGUA CANYON UT US,20120318,20,30,16,17
GHCND:USS0012M26S,AGUA CANYON UT US,20120319,19,29,13,13
GHCND:USS0012M26S,AGUA CANYON UT US,20120320,26,40,12,30
GHCND:USS0012M26S,AGUA CANYON UT US,20120321,38,51,29,37
GHCND:USS0012M26S,AGUA CANYON UT US,20120322,46,60,35,42
GHCND:USS0012M26S,AGUA CANYON UT US,20120323,44,54,38,39
GHCND:USS0012M26S,AGUA CANYON UT US,20120324,45,55,36,42
GHCND:USS0012M26S,AGUA CANYON UT US,20120325,44,52,37,37
GHCND:USS0012M26S,AGUA CANYON UT US,20120326,32,42,22,31
GHCND:USS0012M26S,AGUA CANYON UT US,20120327,39,50,29,37
GHCND:USS0012M26S,AGUA CANYON UT US,20120328,41,54,33,37
GHCND:USS0012M26S,AGUA CANYON UT US,20120329,42,52,34,40
GHCND:USS0012M26S,AGUA CANYON UT US,20120330,47,60,38,43
GHCND:USS0012M26S,AGUA CANYON UT US,20120331,47,59,39,41
GHCND:USS0012M26S,AGUA CANYON UT US,20120401,31,42,21,21
GHCND:USS0012M26S,AGUA CANYON UT US,20120402,26,35,17,26
GHCND:USS0012M26S,AGUA CANYON UT US,20120403,37,53,23,39
GHCND:USS0012M26S,AGUA CANYON UT US,20120404,44,55,37,38
GHCND:USS0012M26S,AGUA CANYON UT US,20120405,41,51,31,31
GHCND:USS0012M26S,AGUA CANYON UT US,20120406,31,43,22,27
GHCND:USS0012M26S,AGUA CANYON UT US,20120407,39,48,27,39
GHCND:USS0012M26S,AGUA CANYON UT US,20120408,47,60,39,45
GHCND:USS0012M26S,AGUA CANYON UT US,20120409,52,63,43,46
GHCND:USS0012M26S,AGUA CANYON UT US,20120410,51,63,42,43
GHCND:USS0012M26S,AGUA CANYON UT US,20120411,39,49,30,30
GHCND:USS0012M26S,AGUA CANYON UT US,20120412,30,38,26,29
GHCND:USS0012M26S,AGUA CANYON UT US,20120413,29,36,25,26
GHCND:USS0012M26S,AGUA CANYON UT US,20120414,26,32,22,27
GHCND:USS0012M26S,AGUA CANYON UT US,20120415,33,44,26,31
GHCND:USS0012M26S,AGUA CANYON UT US,20120416,39,51,28,38
GHCND:USS0012M26S,AGUA CANYON UT US,20120417,44,55,36,42
GHCND:USS0012M26S,AGUA CANYON UT US,20120418,47,58,40,46
GHCND:USS0012M26S,AGUA CANYON UT US,20120419,47,58,39,40
GHCND:USS0012M26S,AGUA CANYON UT US,20120420,50,64,38,47
GHCND:USS0012M26S,AGUA CANYON UT US,20120421,54,67,45,54
GHCND:USS0012M26S,AGUA CANYON UT US,20120422,58,69,47,52
GHCND:USS0012M26S,AGUA CANYON UT US,20120423,58,70,51,51
GHCND:USS0012M26S,AGUA CANYON UT US,20120424,55,66,48,48
GHCND:USS0012M26S,AGUA CANYON UT US,20120425,49,53,45,47
GHCND:USS0012M26S,AGUA CANYON UT US,20120426,42,52,36,38
GHCND:USS0012M26S,AGUA CANYON UT US,20120427,41,52,33,36
GHCND:USS0012M26S,AGUA CANYON UT US,20120428,40,53,31,35
GHCND:USS0012M26S,AGUA CANYON UT US,20120429,44,60,33,42
GHCND:USS0012M26S,AGUA CANYON UT US,20120430,50,62,40,47
GHCND:USS0012M26S,AGUA CANYON UT US,20120501,50,62,43,44
GHCND:USS0012M26S,AGUA CANYON UT US,20120502,50,61,42,44
GHCND:USS0012M26S,AGUA CANYON UT US,20120503,50,61,41,45
GHCND:USS0012M26S,AGUA CANYON UT US,20120504,50,62,40,44
GHCND:USS0012M26S,AGUA CANYON UT US,20120505,45,60,34,34
GHCND:USS0012M26S,AGUA CANYON UT US,20120506,42,59,31,35
GHCND:USS0012M26S,AGUA CANYON UT US,20120507,40,51,31,41
GHCND:USS0012M26S,AGUA CANYON UT US,20120508,48,59,37,45
GHCND:USS0012M26S,AGUA CANYON UT US,20120509,52,65,44,48
GHCND:USS0012M26S,AGUA CANYON UT US,20120510,55,69,46,46
GHCND:USS0012M26S,AGUA CANYON UT US,20120511,53,65,44,45
GHCND:USS0012M26S,AGUA CANYON UT US,20120512,53,64,43,46
GHCND:USS0012M26S,AGUA CANYON UT US,20120513,51,62,43,46
GHCND:USS0012M26S,AGUA CANYON UT US,20120514,55,66,43,53
GHCND:USS0012M26S,AGUA CANYON UT US,20120515,57,67,50,52
GHCND:USS0012M26S,AGUA CANYON UT US,20120516,56,67,49,51
GHCND:USS0012M26S,AGUA CANYON UT US,20120517,59,72,49,54
GHCND:USS0012M26S,AGUA CANYON UT US,20120518,48,61,37,39
GHCND:USS0012M26S,AGUA CANYON UT US,20120519,49,64,37,47
GHCND:USS0012M26S,AGUA CANYON UT US,20120520,57,69,46,54
GHCND:USS0012M26S,AGUA CANYON UT US,20120521,62,74,50,58
GHCND:USS0012M26S,AGUA CANYON UT US,20120522,62,73,54,55
GHCND:USS0012M26S,AGUA CANYON UT US,20120523,54,66,38,38
GHCND:USS0012M26S,AGUA CANYON UT US,20120524,49,63,33,49
GHCND:USS0012M26S,AGUA CANYON UT US,20120525,51,65,42,42
GHCND:USS0012M26S,AGUA CANYON UT US,20120526,38,44,31,33
GHCND:USS0012M26S,AGUA CANYON UT US,20120527,42,55,31,38
GHCND:USS0012M26S,AGUA CANYON UT US,20120528,49,63,35,47
GHCND:USS0012M26S,AGUA CANYON UT US,20120529,55,67,43,50
GHCND:USS0012M26S,AGUA CANYON UT US,20120530,58,71,47,51
GHCND:USS0012M26S,AGUA CANYON UT US,20120531,60,74,50,54
GHCND:USS0012M26S,AGUA CANYON UT US,20120601,62,77,53,59
GHCND:USS0012M26S,AGUA CANYON UT US,20120602,65,76,55,58
GHCND:USS0012M26S,AGUA CANYON UT US,20120603,65,78,55,57
GHCND:USS0012M26S,AGUA CANYON UT US,20120604,62,74,52,53
GHCND:USS0012M26S,AGUA CANYON UT US,20120605,54,68,39,39
GHCND:USS0012M26S,AGUA CANYON UT US,20120606,50,67,35,43
GHCND:USS0012M26S,AGUA CANYON UT US,20120607,56,72,41,53
GHCND:USS0012M26S,AGUA CANYON UT US,20120608,60,72,50,53
GHCND:USS0012M26S,AGUA CANYON UT US,20120609,56,70,36,36
GHCND:USS0012M26S,AGUA CANYON UT US,20120610,48,66,33,42
GHCND:USS0012M26S,AGUA CANYON UT US,20120611,55,71,40,53
GHCND:USS0012M26S,AGUA CANYON UT US,20120612,62,75,51,57
GHCND:USS0012M26S,AGUA CANYON UT US,20120613,64,75,55,57
GHCND:USS0012M26S,AGUA CANYON UT US,20120614,63,76,54,57
GHCND:USS0012M26S,AGUA CANYON UT US,20120615,62,76,52,54
GHCND:USS0012M26S,AGUA CANYON UT US,20120616,62,74,52,59
GHCND:USS0012M26S,AGUA CANYON UT US,20120617,65,77,54,59
GHCND:USS0012M26S,AGUA CANYON UT US,20120618,64,75,56,58
GHCND:USS0012M26S,AGUA CANYON UT US,20120619,65,78,56,56
GHCND:USS0012M26S,AGUA CANYON UT US,20120620,62,79,47,58
GHCND:USS0012M26S,AGUA CANYON UT US,20120621,68,82,56,59
GHCND:USS0012M26S,AGUA CANYON UT US,20120622,64,77,53,55
GHCND:USS0012M26S,AGUA CANYON UT US,20120623,64,78,52,60
GHCND:USS0012M26S,AGUA CANYON UT US,20120624,66,80,56,60
GHCND:USS0012M26S,AGUA CANYON UT US,20120625,65,76,57,57
GHCND:USS0012M26S,AGUA CANYON UT US,20120626,64,77,54,58
GHCND:USS0012M26S,AGUA CANYON UT US,20120627,65,78,55,60
GHCND:USS0012M26S,AGUA CANYON UT US,20120628,66,79,57,60
GHCND:USS0012M26S,AGUA CANYON UT US,20120629,66,79,56,60
GHCND:USS0012M26S,AGUA CANYON UT US,20120630,68,81,57,62
GHCND:USS0012M26S,AGUA CANYON UT US,20120701,67,79,59,63
GHCND:USS0012M26S,AGUA CANYON UT US,20120702,66,77,58,60
GHCND:USS0012M26S,AGUA CANYON UT US,20120703,65,80,57,58
GHCND:USS0012M26S,AGUA CANYON UT US,20120704,62,72,54,54
GHCND:USS0012M26S,AGUA CANYON UT US,20120705,58,73,49,53
GHCND:USS0012M26S,AGUA CANYON UT US,20120706,60,74,50,59
GHCND:USS0012M26S,AGUA CANYON UT US,20120707,63,73,52,61
GHCND:USS0012M26S,AGUA CANYON UT US,20120708,64,72,54,63
GHCND:USS0012M26S,AGUA CANYON UT US,20120709,68,78,62,66
GHCND:USS0012M26S,AGUA CANYON UT US,20120710,69,80,60,64
GHCND:USS0012M26S,AGUA CANYON UT US,20120711,67,80,58,63
GHCND:USS0012M26S,AGUA CANYON UT US,20120712,65,77,56,57
GHCND:USS0012M26S,AGUA CANYON UT US,20120713,60,72,53,53
GHCND:USS0012M26S,AGUA CANYON UT US,20120714,54,64,50,52
GHCND:USS0012M26S,AGUA CANYON UT US,20120715,56,71,48,51
GHCND:USS0012M26S,AGUA CANYON UT US,20120716,54,68,48,50
GHCND:USS0012M26S,AGUA CANYON UT US,20120717,58,69,49,55
GHCND:USS0012M26S,AGUA CANYON UT US,20120718,62,74,52,60
GHCND:USS0012M26S,AGUA CANYON UT US,20120719,62,72,56,56
GHCND:USS0012M26S,AGUA CANYON UT US,20120720,63,76,56,58
GHCND:USS0012M26S,AGUA CANYON UT US,20120721,62,74,55,56
GHCND:USS0012M26S,AGUA CANYON UT US,20120722,62,75,53,58
GHCND:USS0012M26S,AGUA CANYON UT US,20120723,59,72,53,56
GHCND:USS0012M26S,AGUA CANYON UT US,20120724,59,69,50,56
GHCND:USS0012M26S,AGUA CANYON UT US,20120725,63,74,55,60
GHCND:USS0012M26S,AGUA CANYON UT US,20120726,66,78,56,61
GHCND:USS0012M26S,AGUA CANYON UT US,20120727,64,74,56,56
GHCND:USS0012M26S,AGUA CANYON UT US,20120728,62,74,55,56
GHCND:USS0012M26S,AGUA CANYON UT US,20120729,57,68,49,58
GHCND:USS0012M26S,AGUA CANYON UT US,20120730,55,65,51,54
GHCND:USS0012M26S,AGUA CANYON UT US,20120731,59,71,51,52
GHCND:USS0012M26S,AGUA CANYON UT US,20120801,55,67,51,59
GHCND:USS0012M26S,AGUA CANYON UT US,20120802,62,72,53,59
GHCND:USS0012M26S,AGUA CANYON UT US,20120803,63,75,57,57
GHCND:USS0012M26S,AGUA CANYON UT US,20120804,60,73,52,60
GHCND:USS0012M26S,AGUA CANYON UT US,20120805,63,73,56,60
GHCND:USS0012M26S,AGUA CANYON UT US,20120806,58,67,52,57
GHCND:USS0012M26S,AGUA CANYON UT US,20120807,65,76,56,61
GHCND:USS0012M26S,AGUA CANYON UT US,20120808,67,80,60,64
GHCND:USS0012M26S,AGUA CANYON UT US,20120809,63,75,57,63
GHCND:USS0012M26S,AGUA CANYON UT US,20120810,67,77,57,58
GHCND:USS0012M26S,AGUA CANYON UT US,20120811,64,78,54,61
GHCND:USS0012M26S,AGUA CANYON UT US,20120812,65,74,60,60
GHCND:USS0012M26S,AGUA CANYON UT US,20120813,63,76,53,53
GHCND:USS0012M26S,AGUA CANYON UT US,20120814,60,72,51,58
GHCND:USS0012M26S,AGUA CANYON UT US,20120815,64,77,56,60
GHCND:USS0012M26S,AGUA CANYON UT US,20120816,64,75,57,60
GHCND:USS0012M26S,AGUA CANYON UT US,20120817,60,75,53,58
GHCND:USS0012M26S,AGUA CANYON UT US,20120818,63,76,56,58
GHCND:USS0012M26S,AGUA CANYON UT US,20120819,60,74,53,53
GHCND:USS0012M26S,AGUA CANYON UT US,20120820,62,74,51,59
GHCND:USS0012M26S,AGUA CANYON UT US,20120821,62,76,51,51
GHCND:USS0012M26S,AGUA CANYON UT US,20120822,53,61,49,51
GHCND:USS0012M26S,AGUA CANYON UT US,20120823,54,62,49,51
GHCND:USS0012M26S,AGUA CANYON UT US,20120824,58,71,50,54
GHCND:USS0012M26S,AGUA CANYON UT US,20120825,59,73,51,56
GHCND:USS0012M26S,AGUA CANYON UT US,20120826,62,72,54,57
GHCND:USS0012M26S,AGUA CANYON UT US,20120827,63,73,56,61
GHCND:USS0012M26S,AGUA CANYON UT US,20120828,64,76,58,60
GHCND:USS0012M26S,AGUA CANYON UT US,20120829,64,77,56,56
GHCND:USS0012M26S,AGUA CANYON UT US,20120830,60,76,49,51
GHCND:USS0012M26S,AGUA CANYON UT US,20120831,58,69,50,53
GHCND:USS0012M26S,AGUA CANYON UT US,20120901,58,67,52,55
GHCND:USS0012M26S,AGUA CANYON UT US,20120902,60,70,51,54
GHCND:USS0012M26S,AGUA CANYON UT US,20120903,61,72,52,58
GHCND:USS0012M26S,AGUA CANYON UT US,20120904,59,72,53,55
GHCND:USS0012M26S,AGUA CANYON UT US,20120905,61,74,54,56
GHCND:USS0012M26S,AGUA CANYON UT US,20120906,61,72,53,55
GHCND:USS0012M26S,AGUA CANYON UT US,20120907,60,70,51,55
GHCND:USS0012M26S,AGUA CANYON UT US,20120908,60,69,51,58
GHCND:USS0012M26S,AGUA CANYON UT US,20120909,60,69,56,57
GHCND:USS0012M26S,AGUA CANYON UT US,20120910,57,69,51,53
GHCND:USS0012M26S,AGUA CANYON UT US,20120911,50,57,47,48
GHCND:USS0012M26S,AGUA CANYON UT US,20120912,52,62,44,47
GHCND:USS0012M26S,AGUA CANYON UT US,20120913,55,65,46,54
GHCND:USS0012M26S,AGUA CANYON UT US,20120914,56,66,49,53
GHCND:USS0012M26S,AGUA CANYON UT US,20120915,58,70,51,53
GHCND:USS0012M26S,AGUA CANYON UT US,20120916,58,69,50,52
GHCND:USS0012M26S,AGUA CANYON UT US,20120917,56,66,48,49
GHCND:USS0012M26S,AGUA CANYON UT US,20120918,57,70,46,53
GHCND:USS0012M26S,AGUA CANYON UT US,20120919,59,70,50,54
GHCND:USS0012M26S,AGUA CANYON UT US,20120920,59,72,51,53
GHCND:USS0012M26S,AGUA CANYON UT US,20120921,59,70,52,54
GHCND:USS0012M26S,AGUA CANYON UT US,20120922,60,72,50,55
GHCND:USS0012M26S,AGUA CANYON UT US,20120923,57,65,51,52
GHCND:USS0012M26S,AGUA CANYON UT US,20120924,51,60,41,42
GHCND:USS0012M26S,AGUA CANYON UT US,20120925,45,58,40,41
GHCND:USS0012M26S,AGUA CANYON UT US,20120926,48,58,40,46
GHCND:USS0012M26S,AGUA CANYON UT US,20120927,51,60,43,48
GHCND:USS0012M26S,AGUA CANYON UT US,20120928,53,61,45,51
GHCND:USS0012M26S,AGUA CANYON UT US,20120929,55,67,49,50
GHCND:USS0012M26S,AGUA CANYON UT US,20120930,56,65,47,52
GHCND:USS0012M26S,AGUA CANYON UT US,20121001,57,70,47,51
GHCND:USS0012M26S,AGUA CANYON UT US,20121002,58,70,50,53
GHCND:USS0012M26S,AGUA CANYON UT US,20121003,59,71,52,53
GHCND:USS0012M26S,AGUA CANYON UT US,20121004,55,66,50,50
GHCND:USS0012M26S,AGUA CANYON UT US,20121005,53,65,46,48
GHCND:USS0012M26S,AGUA CANYON UT US,20121006,49,62,40,41
GHCND:USS0012M26S,AGUA CANYON UT US,20121007,46,60,34,46
GHCND:USS0012M26S,AGUA CANYON UT US,20121008,51,61,45,47
GHCND:USS0012M26S,AGUA CANYON UT US,20121009,51,63,43,48
GHCND:USS0012M26S,AGUA CANYON UT US,20121010,52,62,45,47
GHCND:USS0012M26S,AGUA CANYON UT US,20121011,44,49,39,43
GHCND:USS0012M26S,AGUA CANYON UT US,20121012,36,43,32,33
GHCND:USS0012M26S,AGUA CANYON UT US,20121013,42,52,33,40
GHCND:USS0012M26S,AGUA CANYON UT US,20121014,45,55,36,45
GHCND:USS0012M26S,AGUA CANYON UT US,20121015,51,63,44,47
GHCND:USS0012M26S,AGUA CANYON UT US,20121016,53,65,43,43
GHCND:USS0012M26S,AGUA CANYON UT US,20121017,44,56,37,38
GHCND:USS0012M26S,AGUA CANYON UT US,20121018,49,62,36,47
GHCND:USS0012M26S,AGUA CANYON UT US,20121019,54,66,44,49
GHCND:USS0012M26S,AGUA CANYON UT US,20121020,51,61,44,44
GHCND:USS0012M26S,AGUA CANYON UT US,20121021,46,57,42,42
GHCND:USS0012M26S,AGUA CANYON UT US,20121022,44,52,40,40
GHCND:USS0012M26S,AGUA CANYON UT US,20121023,42,52,36,38
GHCND:USS0012M26S,AGUA CANYON UT US,20121024,34,45,25,26
GHCND:USS0012M26S,AGUA CANYON UT US,20121025,31,43,21,21
GHCND:USS0012M26S,AGUA CANYON UT US,20121026,30,40,19,37
GHCND:USS0012M26S,AGUA CANYON UT US,20121027,42,54,35,42
GHCND:USS0012M26S,AGUA CANYON UT US,20121028,47,55,40,44
GHCND:USS0012M26S,AGUA CANYON UT US,20121029,49,62,42,47
GHCND:USS0012M26S,AGUA CANYON UT US,20121030,49,58,43,43
GHCND:USS0012M26S,AGUA CANYON UT US,20121031,50,60,43,45
GHCND:USS0012M26S,AGUA CANYON UT US,20121101,45,54,39,40
GHCND:USS0012M26S,AGUA CANYON UT US,20121102,44,57,38,39
GHCND:USS0012M26S,AGUA CANYON UT US,20121103,45,56,38,40
GHCND:USS0012M26S,AGUA CANYON UT US,20121104,45,56,37,41
GHCND:USS0012M26S,AGUA CANYON UT US,20121105,47,60,40,44
GHCND:USS0012M26S,AGUA CANYON UT US,20121106,49,59,43,47
GHCND:USS0012M26S,AGUA CANYON UT US,20121107,49,60,43,43
GHCND:USS0012M26S,AGUA CANYON UT US,20121108,42,54,34,38
GHCND:USS0012M26S,AGUA CANYON UT US,20121109,32,38,20,20
GHCND:USS0012M26S,AGUA CANYON UT US,20121110,18,26,11,12
GHCND:USS0012M26S,AGUA CANYON UT US,20121111,17,27,9,23
GHCND:USS0012M26S,AGUA CANYON UT US,20121112,29,36,20,29
GHCND:USS0012M26S,AGUA CANYON UT US,20121113,35,43,29,33
GHCND:USS0012M26S,AGUA CANYON UT US,20121114,40,51,32,35
GHCND:USS0012M26S,AGUA CANYON UT US,20121115,40,45,35,36
GHCND:USS0012M26S,AGUA CANYON UT US,20121116,37,45,33,36
GHCND:USS0012M26S,AGUA CANYON UT US,20121117,37,43,35,35
GHCND:USS0012M26S,AGUA CANYON UT US,20121118,36,45,33,34
GHCND:USS0012M26S,AGUA CANYON UT US,20121119,37,47,31,35
GHCND:USS0012M26S,AGUA CANYON UT US,20121120,40,48,33,37
GHCND:USS0012M26S,AGUA CANYON UT US,20121121,41,51,35,38
GHCND:USS0012M26S,AGUA CANYON UT US,20121122,40,50,34,38
GHCND:USS0012M26S,AGUA CANYON UT US,20121123,42,50,36,40
GHCND:USS0012M26S,AGUA CANYON UT US,20121124,45,56,39,40
GHCND:USS0012M26S,AGUA CANYON UT US,20121125,42,52,36,37
GHCND:USS0012M26S,AGUA CANYON UT US,20121126,39,48,33,35
GHCND:USS0012M26S,AGUA CANYON UT US,20121127,39,50,32,36
GHCND:USS0012M26S,AGUA CANYON UT US,20121128,40,49,35,35
GHCND:USS0012M26S,AGUA CANYON UT US,20121129,37,42,34,36
GHCND:USS0012M26S,AGUA CANYON UT US,20121130,36,40,34,35
GHCND:USS0012M26S,AGUA CANYON UT US,20121201,36,43,33,35
GHCND:USS0012M26S,AGUA CANYON UT US,20121202,36,39,33,36
GHCND:USS0012M26S,AGUA CANYON UT US,20121203,36,46,30,34
GHCND:USS0012M26S,AGUA CANYON UT US,20121204,40,48,32,41
GHCND:USS0012M26S,AGUA CANYON UT US,20121205,42,52,36,37
GHCND:USS0012M26S,AGUA CANYON UT US,20121206,36,47,31,33
GHCND:USS0012M26S,AGUA CANYON UT US,20121207,33,43,27,29
GHCND:USS0012M26S,AGUA CANYON UT US,20121208,35,45,28,30
GHCND:USS0012M26S,AGUA CANYON UT US,20121209,18,30,11,15
GHCND:USS0012M26S,AGUA CANYON UT US,20121210,26,35,14,25
GHCND:USS0012M26S,AGUA CANYON UT US,20121211,29,40,23,29
GHCND:USS0012M26S,AGUA CANYON UT US,20121212,31,38,27,30
GHCND:USS0012M26S,AGUA CANYON UT US,20121213,30,34,27,30
GHCND:USS0012M26S,AGUA CANYON UT US,20121214,26,31,20,20
GHCND:USS0012M26S,AGUA CANYON UT US,20121215,21,27,17,17
GHCND:USS0012M26S,AGUA CANYON UT US,20121216,22,32,15,26
GHCND:USS0012M26S,AGUA CANYON UT US,20121217,25,30,19,27
GHCND:USS0012M26S,AGUA CANYON UT US,20121218,26,29,14,14
GHCND:USS0012M26S,AGUA CANYON UT US,20121219,8,15,4,9
GHCND:USS0012M26S,AGUA CANYON UT US,20121220,19,29,8,24
GHCND:USS0012M26S,AGUA CANYON UT US,20121221,28,38,19,29
GHCND:USS0012M26S,AGUA CANYON UT US,20121222,30,37,25,28
GHCND:USS0012M26S,AGUA CANYON UT US,20121223,29,41,24,25
GHCND:USS0012M26S,AGUA CANYON UT US,20121224,21,33,9,9
GHCND:USS0012M26S,AGUA CANYON UT US,20121225,17,29,7,17
GHCND:USS0012M26S,AGUA CANYON UT US,20121226,18,25,15,16
GHCND:USS0012M26S,AGUA CANYON UT US,20121227,15,23,11,12
GHCND:USS0012M26S,AGUA CANYON UT US,20121228,16,29,8,14
GHCND:USS0012M26S,AGUA CANYON UT US,20121229,15,22,13,15
GHCND:USS0012M26S,AGUA CANYON UT US,20121230,17,26,12,12
GHCND:USS0012M26S,AGUA CANYON UT US,20121231,11,21,6,8
GHCND:USS0012M26S,AGUA CANYON UT US,20130101,14,24,4,15
GHCND:USS0012M26S,AGUA CANYON UT US,20130102,21,36,13,15
GHCND:USS0012M26S,AGUA CANYON UT US,20130103,20,30,10,27
GHCND:USS0012M26S,AGUA CANYON UT US,20130104,31,42,25,26
GHCND:USS0012M26S,AGUA CANYON UT US,20130105,33,45,25,27
GHCND:USS0012M26S,AGUA CANYON UT US,20130106,23,28,20,25
GHCND:USS0012M26S,AGUA CANYON UT US,20130107,28,37,20,27
GHCND:USS0012M26S,AGUA CANYON UT US,20130108,29,36,24,31
GHCND:USS0012M26S,AGUA CANYON UT US,20130109,33,40,27,30
GHCND:USS0012M26S,AGUA CANYON UT US,20130110,25,34,11,11
GHCND:USS0012M26S,AGUA CANYON UT US,20130111,7,17,0,0
GHCND:USS0012M26S,AGUA CANYON UT US,20130112,3,15,-3,-3
GHCND:USS0012M26S,AGUA CANYON UT US,20130113,-1,12,-7,-5
GHCND:USS0012M26S,AGUA CANYON UT US,20130114,-3,9,-9,0
GHCND:USS0012M26S,AGUA CANYON UT US,20130115,12,28,-1,13
GHCND:USS0012M26S,AGUA CANYON UT US,20130116,26,35,13,29
GHCND:USS0012M26S,AGUA CANYON UT US,20130117,31,39,24,27
GHCND:USS0012M26S,AGUA CANYON UT US,20130118,31,39,25,30
GHCND:USS0012M26S,AGUA CANYON UT US,20130119,36,47,29,34
GHCND:USS0012M26S,AGUA CANYON UT US,20130120,35,46,27,30
GHCND:USS0012M26S,AGUA CANYON UT US,20130121,37,49,29,38
GHCND:USS0012M26S,AGUA CANYON UT US,20130122,42,53,34,39
GHCND:USS0012M26S,AGUA CANYON UT US,20130123,40,47,36,38
GHCND:USS0012M26S,AGUA CANYON UT US,20130124,36,39,33,34
GHCND:USS0012M26S,AGUA CANYON UT US,20130125,35,42,32,33
GHCND:USS0012M26S,AGUA CANYON UT US,20130126,32,36,30,31
GHCND:USS0012M26S,AGUA CANYON UT US,20130127,30,34,24,24
GHCND:USS0012M26S,AGUA CANYON UT US,20130128,16,24,6,7
GHCND:USS0012M26S,AGUA CANYON UT US,20130129,15,23,5,16
GHCND:USS0012M26S,AGUA CANYON UT US,20130130,24,34,15,24
GHCND:USS0012M26S,AGUA CANYON UT US,20130131,31,44,21,29
GHCND:USS0012M26S,AGUA CANYON UT US,20130201,33,46,25,31
GHCND:USS0012M26S,AGUA CANYON UT US,20130202,34,41,27,34
GHCND:USS0012M26S,AGUA CANYON UT US,20130203,34,41,27,30
GHCND:USS0012M26S,AGUA CANYON UT US,20130204,36,51,27,35
GHCND:USS0012M26S,AGUA CANYON UT US,20130205,38,48,32,34
GHCND:USS0012M26S,AGUA CANYON UT US,20130206,33,45,24,25
GHCND:USS0012M26S,AGUA CANYON UT US,20130207,31,42,23,29
GHCND:USS0012M26S,AGUA CANYON UT US,20130208,24,32,14,15
GHCND:USS0012M26S,AGUA CANYON UT US,20130209,19,30,14,15
GHCND:USS0012M26S,AGUA CANYON UT US,20130210,15,21,10,10
GHCND:USS0012M26S,AGUA CANYON UT US,20130211,13,29,6,8
GHCND:USS0012M26S,AGUA CANYON UT US,20130212,18,33,6,18
GHCND:USS0012M26S,AGUA CANYON UT US,20130213,26,40,15,24
GHCND:USS0012M26S,AGUA CANYON UT US,20130214,26,35,19,21
GHCND:USS0012M26S,AGUA CANYON UT US,20130215,30,41,20,29
GHCND:USS0012M26S,AGUA CANYON UT US,20130216,38,54,28,35
GHCND:USS0012M26S,AGUA CANYON UT US,20130217,33,44,19,19
GHCND:USS0012M26S,AGUA CANYON UT US,20130218,26,40,13,26
GHCND:USS0012M26S,AGUA CANYON UT US,20130219,29,39,22,25
GHCND:USS0012M26S,AGUA CANYON UT US,20130220,24,33,20,20
GHCND:USS0012M26S,AGUA CANYON UT US,20130221,18,28,9,9
GHCND:USS0012M26S,AGUA CANYON UT US,20130222,18,28,8,20
GHCND:USS0012M26S,AGUA CANYON UT US,20130223,20,33,9,9
GHCND:USS0012M26S,AGUA CANYON UT US,20130224,12,20,8,9
GHCND:USS0012M26S,AGUA CANYON UT US,20130225,26,45,9,19
GHCND:USS0012M26S,AGUA CANYON UT US,20130226,16,25,9,10
GHCND:USS0012M26S,AGUA CANYON UT US,20130227,20,35,9,18
GHCND:USS0012M26S,AGUA CANYON UT US,20130228,29,40,18,28
GHCND:USS0012M26S,AGUA CANYON UT US,20130301,35,45,27,31
GHCND:USS0012M26S,AGUA CANYON UT US,20130302,42,54,29,38
GHCND:USS0012M26S,AGUA CANYON UT US,20130303,38,47,31,32
GHCND:USS0012M26S,AGUA CANYON UT US,20130304,31,40,25,30
GHCND:USS0012M26S,AGUA CANYON UT US,20130305,36,47,29,33
GHCND:USS0012M26S,AGUA CANYON UT US,20130306,36,47,29,32
GHCND:USS0012M26S,AGUA CANYON UT US,20130307,36,45,27,30
GHCND:USS0012M26S,AGUA CANYON UT US,20130308,28,34,20,20
GHCND:USS0012M26S,AGUA CANYON UT US,20130309,23,29,19,19
GHCND:USS0012M26S,AGUA CANYON UT US,20130310,27,43,16,27
GHCND:USS0012M26S,AGUA CANYON UT US,20130311,35,47,26,34
GHCND:USS0012M26S,AGUA CANYON UT US,20130312,39,53,30,35
GHCND:USS0012M26S,AGUA CANYON UT US,20130313,44,57,33,42
GHCND:USS0012M26S,AGUA CANYON UT US,20130314,51,64,41,47
GHCND:USS0012M26S,AGUA CANYON UT US,20130315,50,60,44,45
GHCND:USS0012M26S,AGUA CANYON UT US,20130316,45,55,40,40
GHCND:USS0012M26S,AGUA CANYON UT US,20130317,39,49,31,31
GHCND:USS0012M26S,AGUA CANYON UT US,20130318,38,51,29,36
GHCND:USS0012M26S,AGUA CANYON UT US,20130319,37,48,30,35
GHCND:USS0012M26S,AGUA CANYON UT US,20130320,40,50,34,36
GHCND:USS0012M26S,AGUA CANYON UT US,20130321,36,44,29,31
GHCND:USS0012M26S,AGUA CANYON UT US,20130322,32,45,13,13
GHCND:USS0012M26S,AGUA CANYON UT US,20130323,18,32,9,19
GHCND:USS0012M26S,AGUA CANYON UT US,20130324,27,40,18,25
GHCND:USS0012M26S,AGUA CANYON UT US,20130325,35,50,23,35
GHCND:USS0012M26S,AGUA CANYON UT US,20130326,40,49,33,37
GHCND:USS0012M26S,AGUA CANYON UT US,20130327,42,55,35,38
GHCND:USS0012M26S,AGUA CANYON UT US,20130328,43,53,33,39
GHCND:USS0012M26S,AGUA CANYON UT US,20130329,43,55,35,40
GHCND:USS0012M26S,AGUA CANYON UT US,20130330,45,57,38,40
GHCND:USS0012M26S,AGUA CANYON UT US,20130331,44,56,37,38
GHCND:USS0012M26S,AGUA CANYON UT US,20130401,38,48,29,31
GHCND:USS0012M26S,AGUA CANYON UT US,20130402,34,44,28,33
GHCND:USS0012M26S,AGUA CANYON UT US,20130403,42,54,32,39
GHCND:USS0012M26S,AGUA CANYON UT US,20130404,47,56,37,43
GHCND:USS0012M26S,AGUA CANYON UT US,20130405,45,57,38,39
GHCND:USS0012M26S,AGUA CANYON UT US,20130406,44,55,37,39
GHCND:USS0012M26S,AGUA CANYON UT US,20130407,45,56,38,42
GHCND:USS0012M26S,AGUA CANYON UT US,20130408,32,42,24,24
GHCND:USS0012M26S,AGUA CANYON UT US,20130409,21,27,18,18
GHCND:USS0012M26S,AGUA CANYON UT US,20130410,30,40,16,35
GHCND:USS0012M26S,AGUA CANYON UT US,20130411,38,47,31,34
GHCND:USS0012M26S,AGUA CANYON UT US,20130412,41,53,31,40
GHCND:USS0012M26S,AGUA CANYON UT US,20130413,45,55,37,45
GHCND:USS0012M26S,AGUA CANYON UT US,20130414,43,56,30,41
GHCND:USS0012M26S,AGUA CANYON UT US,20130415,41,49,36,37
GHCND:USS0012M26S,AGUA CANYON UT US,20130416,27,37,21,21
GHCND:USS0012M26S,AGUA CANYON UT US,20130417,21,29,17,17
GHCND:USS0012M26S,AGUA CANYON UT US,20130418,25,36,15,25
GHCND:USS0012M26S,AGUA CANYON UT US,20130419,38,51,25,36
GHCND:USS0012M26S,AGUA CANYON UT US,20130420,37,48,30,35
GHCND:USS0012M26S,AGUA CANYON UT US,20130421,46,59,33,46
GHCND:USS0012M26S,AGUA CANYON UT US,20130422,47,63,28,28
GHCND:USS0012M26S,AGUA CANYON UT US,20130423,34,46,23,33
GHCND:USS0012M26S,AGUA CANYON UT US,20130424,40,51,30,38
GHCND:USS0012M26S,AGUA CANYON UT US,20130425,44,57,37,38
GHCND:USS0012M26S,AGUA CANYON UT US,20130426,46,59,36,42
GHCND:USS0012M26S,AGUA CANYON UT US,20130427,49,62,39,42
GHCND:USS0012M26S,AGUA CANYON UT US,20130428,54,68,42,50
GHCND:USS0012M26S,AGUA CANYON UT US,20130429,57,70,45,52
GHCND:USS0012M26S,AGUA CANYON UT US,20130430,53,65,36,36
GHCND:USS0012M26S,AGUA CANYON UT US,20130501,34,45,23,23
GHCND:USS0012M26S,AGUA CANYON UT US,20130502,36,50,22,38
GHCND:USS0012M26S,AGUA CANYON UT US,20130503,47,60,36,44
GHCND:USS0012M26S,AGUA CANYON UT US,20130504,50,62,40,45
GHCND:USS0012M26S,AGUA CANYON UT US,20130505,46,58,39,41
GHCND:USS0012M26S,AGUA CANYON UT US,20130506,41,50,35,37
GHCND:USS0012M26S,AGUA CANYON UT US,20130507,37,48,30,31
GHCND:USS0012M26S,AGUA CANYON UT US,20130508,36,44,30,36
GHCND:USS0012M26S,AGUA CANYON UT US,20130509,39,45,34,38
GHCND:USS0012M26S,AGUA CANYON UT US,20130510,45,55,36,44
GHCND:USS0012M26S,AGUA CANYON UT US,20130511,50,62,42,48
GHCND:USS0012M26S,AGUA CANYON UT US,20130512,56,69,44,53
GHCND:USS0012M26S,AGUA CANYON UT US,20130513,60,71,47,56
GHCND:USS0012M26S,AGUA CANYON UT US,20130514,60,72,51,54
GHCND:USS0012M26S,AGUA CANYON UT US,20130515,56,64,49,51
GHCND:USS0012M26S,AGUA CANYON UT US,20130516,55,66,48,49
GHCND:USS0012M26S,AGUA CANYON UT US,20130517,48,58,38,38
GHCND:USS0012M26S,AGUA CANYON UT US,20130518,44,57,35,37
GHCND:USS0012M26S,AGUA CANYON UT US,20130519,40,52,33,33
GHCND:USS0012M26S,AGUA CANYON UT US,20130520,42,54,31,39
GHCND:USS0012M26S,AGUA CANYON UT US,20130521,50,63,36,48
GHCND:USS0012M26S,AGUA CANYON UT US,20130522,54,66,45,49
GHCND:USS0012M26S,AGUA CANYON UT US,20130523,53,65,45,45
GHCND:USS0012M26S,AGUA CANYON UT US,20130524,53,64,42,47
GHCND:USS0012M26S,AGUA CANYON UT US,20130525,53,65,43,47
GHCND:USS0012M26S,AGUA CANYON UT US,20130526,54,65,45,47
GHCND:USS0012M26S,AGUA CANYON UT US,20130527,54,67,44,49
GHCND:USS0012M26S,AGUA CANYON UT US,20130528,48,63,35,35
GHCND:USS0012M26S,AGUA CANYON UT US,20130529,46,61,32,45
GHCND:USS0012M26S,AGUA CANYON UT US,20130530,54,67,41,52
GHCND:USS0012M26S,AGUA CANYON UT US,20130531,51,64,40,44
GHCND:USS0012M26S,AGUA CANYON UT US,20130601,55,67,43,53
GHCND:USS0012M26S,AGUA CANYON UT US,20130602,62,74,50,58
GHCND:USS0012M26S,AGUA CANYON UT US,20130603,62,73,54,57
GHCND:USS0012M26S,AGUA CANYON UT US,20130604,62,75,52,55
GHCND:USS0012M26S,AGUA CANYON UT US,20130605,61,72,52,53
GHCND:USS0012M26S,AGUA CANYON UT US,20130606,62,75,53,56
GHCND:USS0012M26S,AGUA CANYON UT US,20130607,65,78,55,61
GHCND:USS0012M26S,AGUA CANYON UT US,20130608,66,78,57,60
GHCND:USS0012M26S,AGUA CANYON UT US,20130609,70,82,59,62
GHCND:USS0012M26S,AGUA CANYON UT US,20130610,65,76,55,56
GHCND:USS0012M26S,AGUA CANYON UT US,20130611,61,74,49,57
GHCND:USS0012M26S,AGUA CANYON UT US,20130612,64,77,53,60
GHCND:USS0012M26S,AGUA CANYON UT US,20130613,63,74,54,55
GHCND:USS0012M26S,AGUA CANYON UT US,20130614,61,74,52,56
GHCND:USS0012M26S,AGUA CANYON UT US,20130615,62,73,52,56
GHCND:USS0012M26S,AGUA CANYON UT US,20130616,61,74,52,55
GHCND:USS0012M26S,AGUA CANYON UT US,20130617,62,74,53,57
GHCND:USS0012M26S,AGUA CANYON UT US,20130618,62,75,51,54
GHCND:USS0012M26S,AGUA CANYON UT US,20130619,58,69,48,47
GHCND:USS0012M26S,AGUA CANYON UT US,20130620,59,71,47,53
GHCND:USS0012M26S,AGUA CANYON UT US,20130621,59,73,47,53
GHCND:USS0012M26S,AGUA CANYON UT US,20130622,60,72,50,56
GHCND:USS0012M26S,AGUA CANYON UT US,20130623,61,72,52,55
GHCND:USS0012M26S,AGUA CANYON UT US,20130624,56,67,50,51
GHCND:USS0012M26S,AGUA CANYON UT US,20130625,60,74,48,56
GHCND:USS0012M26S,AGUA CANYON UT US,20130626,65,80,54,60
GHCND:USS0012M26S,AGUA CANYON UT US,20130627,71,85,58,65
GHCND:USS0012M26S,AGUA CANYON UT US,20130628,72,88,64,69
GHCND:USS0012M26S,AGUA CANYON UT US,20130629,71,83,63,70
GHCND:USS0012M26S,AGUA CANYON UT US,20130630,71,80,65,67
GHCND:USS0012M26S,AGUA CANYON UT US,20130701,70,82,63,69
GHCND:USS0012M26S,AGUA CANYON UT US,20130702,73,86,64,66
GHCND:USS0012M26S,AGUA CANYON UT US,20130703,71,81,63,66
GHCND:USS0012M26S,AGUA CANYON UT US,20130704,65,81,58,60
GHCND:USS0012M26S,AGUA CANYON UT US,20130705,65,79,57,60
GHCND:USS0012M26S,AGUA CANYON UT US,20130706,63,77,55,56
GHCND:USS0012M26S,AGUA CANYON UT US,20130707,60,71,53,59
GHCND:USS0012M26S,AGUA CANYON UT US,20130708,66,78,56,62
GHCND:USS0012M26S,AGUA CANYON UT US,20130709,69,81,60,63
GHCND:USS0012M26S,AGUA CANYON UT US,20130710,71,84,59,65
GHCND:USS0012M26S,AGUA CANYON UT US,20130711,59,72,50,52
GHCND:USS0012M26S,AGUA CANYON UT US,20130712,57,68,50,54
GHCND:USS0012M26S,AGUA CANYON UT US,20130713,62,74,52,58
GHCND:USS0012M26S,AGUA CANYON UT US,20130714,62,76,56,58
GHCND:USS0012M26S,AGUA CANYON UT US,20130715,60,72,52,54
GHCND:USS0012M26S,AGUA CANYON UT US,20130716,56,67,52,56
GHCND:USS0012M26S,AGUA CANYON UT US,20130717,61,68,55,62
GHCND:USS0012M26S,AGUA CANYON UT US,20130718,60,71,52,58
GHCND:USS0012M26S,AGUA CANYON UT US,20130719,64,74,56,63
GHCND:USS0012M26S,AGUA CANYON UT US,20130720,66,75,59,63
GHCND:USS0012M26S,AGUA CANYON UT US,20130721,62,76,52,56
GHCND:USS0012M26S,AGUA CANYON UT US,20130722,62,75,53,61
GHCND:USS0012M26S,AGUA CANYON UT US,20130723,61,71,56,58
GHCND:USS0012M26S,AGUA CANYON UT US,20130724,62,74,54,58
GHCND:USS0012M26S,AGUA CANYON UT US,20130725,66,76,57,62
GHCND:USS0012M26S,AGUA CANYON UT US,20130726,64,77,57,58
GHCND:USS0012M26S,AGUA CANYON UT US,20130727,57,67,51,51
GHCND:USS0012M26S,AGUA CANYON UT US,20130728,53,65,47,47
GHCND:USS0012M26S,AGUA CANYON UT US,20130729,58,68,46,54
GHCND:USS0012M26S,AGUA CANYON UT US,20130730,62,72,54,60
GHCND:USS0012M26S,AGUA CANYON UT US,20130731,65,75,55,60
GHCND:USS0012M26S,AGUA CANYON UT US,20130801,63,73,57,58
GHCND:USS0012M26S,AGUA CANYON UT US,20130802,62,74,54,55
GHCND:USS0012M26S,AGUA CANYON UT US,20130803,63,75,54,59
GHCND:USS0012M26S,AGUA CANYON UT US,20130804,63,74,56,58
GHCND:USS0012M26S,AGUA CANYON UT US,20130805,64,73,56,60
GHCND:USS0012M26S,AGUA CANYON UT US,20130806,61,70,56,56
GHCND:USS0012M26S,AGUA CANYON UT US,20130807,56,67,51,55
GHCND:USS0012M26S,AGUA CANYON UT US,20130808,60,71,48,53
GHCND:USS0012M26S,AGUA CANYON UT US,20130809,62,72,53,57
GHCND:USS0012M26S,AGUA CANYON UT US,20130810,58,65,51,54
GHCND:USS0012M26S,AGUA CANYON UT US,20130811,57,71,50,53
GHCND:USS0012M26S,AGUA CANYON UT US,20130812,61,72,50,58
GHCND:USS0012M26S,AGUA CANYON UT US,20130813,63,75,53,59
GHCND:USS0012M26S,AGUA CANYON UT US,20130814,65,76,56,59
GHCND:USS0012M26S,AGUA CANYON UT US,20130815,65,78,55,59
GHCND:USS0012M26S,AGUA CANYON UT US,20130816,66,78,56,63
GHCND:USS0012M26S,AGUA CANYON UT US,20130817,59,73,50,54
GHCND:USS0012M26S,AGUA CANYON UT US,20130818,61,71,53,60
GHCND:USS0012M26S,AGUA CANYON UT US,20130819,62,75,55,59
GHCND:USS0012M26S,AGUA CANYON UT US,20130820,62,74,56,57
GHCND:USS0012M26S,AGUA CANYON UT US,20130821,59,72,52,54
GHCND:USS0012M26S,AGUA CANYON UT US,20130822,58,69,53,58
GHCND:USS0012M26S,AGUA CANYON UT US,20130823,54,62,48,53
GHCND:USS0012M26S,AGUA CANYON UT US,20130824,55,67,47,50
GHCND:USS0012M26S,AGUA CANYON UT US,20130825,51,55,48,48
GHCND:USS0012M26S,AGUA CANYON UT US,20130826,52,57,48,51
GHCND:USS0012M26S,AGUA CANYON UT US,20130827,53,59,50,55
GHCND:USS0012M26S,AGUA CANYON UT US,20130828,59,72,52,57
GHCND:USS0012M26S,AGUA CANYON UT US,20130829,63,74,54,60
GHCND:USS0012M26S,AGUA CANYON UT US,20130830,59,72,53,57
GHCND:USS0012M26S,AGUA CANYON UT US,20130831,58,67,53,54
GHCND:USS0012M26S,AGUA CANYON UT US,20130901,56,69,52,53
GHCND:USS0012M26S,AGUA CANYON UT US,20130902,59,70,52,58
GHCND:USS0012M26S,AGUA CANYON UT US,20130903,62,73,55,60
GHCND:USS0012M26S,AGUA CANYON UT US,20130904,61,74,54,58
GHCND:USS0012M26S,AGUA CANYON UT US,20130905,63,73,57,59
GHCND:USS0012M26S,AGUA CANYON UT US,20130906,62,72,56,57
GHCND:USS0012M26S,AGUA CANYON UT US,20130907,60,71,50,50
GHCND:USS0012M26S,AGUA CANYON UT US,20130908,51,54,49,49
GHCND:USS0012M26S,AGUA CANYON UT US,20130909,51,59,46,47
GHCND:USS0012M26S,AGUA CANYON UT US,20130910,48,55,45,47
GHCND:USS0012M26S,AGUA CANYON UT US,20130911,47,50,46,46
GHCND:USS0012M26S,AGUA CANYON UT US,20130912,49,58,45,47
GHCND:USS0012M26S,AGUA CANYON UT US,20130913,51,61,46,50
GHCND:USS0012M26S,AGUA CANYON UT US,20130914,52,60,47,49
GHCND:USS0012M26S,AGUA CANYON UT US,20130915,53,63,47,51
GHCND:USS0012M26S,AGUA CANYON UT US,20130916,57,68,48,55
GHCND:USS0012M26S,AGUA CANYON UT US,20130917,58,66,52,54
GHCND:USS0012M26S,AGUA CANYON UT US,20130918,55,65,45,46
GHCND:USS0012M26S,AGUA CANYON UT US,20130919,53,64,44,51
GHCND:USS0012M26S,AGUA CANYON UT US,20130920,56,69,50,50
GHCND:USS0012M26S,AGUA CANYON UT US,20130921,54,62,48,51
GHCND:USS0012M26S,AGUA CANYON UT US,20130922,46,54,39,40
GHCND:USS0012M26S,AGUA CANYON UT US,20130923,48,62,36,47
GHCND:USS0012M26S,AGUA CANYON UT US,20130924,53,64,42,48
GHCND:USS0012M26S,AGUA CANYON UT US,20130925,50,61,44,45
GHCND:USS0012M26S,AGUA CANYON UT US,20130926,42,55,28,28
GHCND:USS0012M26S,AGUA CANYON UT US,20130927,34,47,27,34
GHCND:USS0012M26S,AGUA CANYON UT US,20130928,42,55,31,44
GHCND:USS0012M26S,AGUA CANYON UT US,20130929,50,62,41,47
GHCND:USS0012M26S,AGUA CANYON UT US,20130930,53,65,45,47
GHCND:USS0012M26S,AGUA CANYON UT US,20131001,53,63,46,48
GHCND:USS0012M26S,AGUA CANYON UT US,20131002,51,62,44,44
GHCND:USS0012M26S,AGUA CANYON UT US,20131003,40,56,26,26
GHCND:USS0012M26S,AGUA CANYON UT US,20131004,29,39,23,24
GHCND:USS0012M26S,AGUA CANYON UT US,20131005,36,52,22,37
GHCND:USS0012M26S,AGUA CANYON UT US,20131006,49,59,36,50
GHCND:USS0012M26S,AGUA CANYON UT US,20131007,50,62,44,45
GHCND:USS0012M26S,AGUA CANYON UT US,20131008,47,58,41,42
GHCND:USS0012M26S,AGUA CANYON UT US,20131009,41,49,32,32
GHCND:USS0012M26S,AGUA CANYON UT US,20131010,33,40,29,33
GHCND:USS0012M26S,AGUA CANYON UT US,20131011,38,48,31,36
GHCND:USS0012M26S,AGUA CANYON UT US,20131012,41,51,32,39
GHCND:USS0012M26S,AGUA CANYON UT US,20131013,37,48,28,29
GHCND:USS0012M26S,AGUA CANYON UT US,20131014,34,43,29,30
GHCND:USS0012M26S,AGUA CANYON UT US,20131015,32,42,25,26
GHCND:USS0012M26S,AGUA CANYON UT US,20131016,35,49,24,36
GHCND:USS0012M26S,AGUA CANYON UT US,20131017,42,54,33,35
GHCND:USS0012M26S,AGUA CANYON UT US,20131018,39,52,31,36
GHCND:USS0012M26S,AGUA CANYON UT US,20131019,44,56,36,40
GHCND:USS0012M26S,AGUA CANYON UT US,20131020,45,57,38,38
GHCND:USS0012M26S,AGUA CANYON UT US,20131021,43,53,33,37
GHCND:USS0012M26S,AGUA CANYON UT US,20131022,45,54,37,43
GHCND:USS0012M26S,AGUA CANYON UT US,20131023,46,54,40,45
GHCND:USS0012M26S,AGUA CANYON UT US,20131024,47,53,41,42
GHCND:USS0012M26S,AGUA CANYON UT US,20131025,44,54,38,41
GHCND:USS0012M26S,AGUA CANYON UT US,20131026,45,58,40,41
GHCND:USS0012M26S,AGUA CANYON UT US,20131027,45,56,38,40
GHCND:USS0012M26S,AGUA CANYON UT US,20131028,36,47,28,28
GHCND:USS0012M26S,AGUA CANYON UT US,20131029,27,34,24,25
GHCND:USS0012M26S,AGUA CANYON UT US,20131030,28,36,22,27
GHCND:USS0012M26S,AGUA CANYON UT US,20131031,33,44,25,32
GHCND:USS0012M26S,AGUA CANYON UT US,20131101,39,55,30,38
GHCND:USS0012M26S,AGUA CANYON UT US,20131102,41,50,33,38
GHCND:USS0012M26S,AGUA CANYON UT US,20131103,36,46,25,26
GHCND:USS0012M26S,AGUA CANYON UT US,20131104,26,35,17,18
GHCND:USS0012M26S,AGUA CANYON UT US,20131105,24,34,15,28
GHCND:USS0012M26S,AGUA CANYON UT US,20131106,36,48,27,34
GHCND:USS0012M26S,AGUA CANYON UT US,20131107,39,45,33,39
GHCND:USS0012M26S,AGUA CANYON UT US,20131108,43,54,38,40
GHCND:USS0012M26S,AGUA CANYON UT US,20131109,44,55,38,41
GHCND:USS0012M26S,AGUA CANYON UT US,20131110,45,54,40,42
GHCND:USS0012M26S,AGUA CANYON UT US,20131111,47,53,40,44
GHCND:USS0012M26S,AGUA CANYON UT US,20131112,46,52,42,43
GHCND:USS0012M26S,AGUA CANYON UT US,20131113,43,51,36,36
GHCND:USS0012M26S,AGUA CANYON UT US,20131114,40,53,31,37
GHCND:USS0012M26S,AGUA CANYON UT US,20131115,35,46,27,32
GHCND:USS0012M26S,AGUA CANYON UT US,20131116,33,38,31,31
GHCND:USS0012M26S,AGUA CANYON UT US,20131117,36,48,29,36
GHCND:USS0012M26S,AGUA CANYON UT US,20131118,38,50,33,36
GHCND:USS0012M26S,AGUA CANYON UT US,20131119,36,46,31,32
GHCND:USS0012M26S,AGUA CANYON UT US,20131120,33,36,30,32
GHCND:USS0012M26S,AGUA CANYON UT US,20131121,33,42,30,30
GHCND:USS0012M26S,AGUA CANYON UT US,20131122,28,31,25,28
GHCND:USS0012M26S,AGUA CANYON UT US,20131123,28,30,27,27
GHCND:USS0012M26S,AGUA CANYON UT US,20131124,29,38,26,26
GHCND:USS0012M26S,AGUA CANYON UT US,20131125,29,39,22,29
GHCND:USS0012M26S,AGUA CANYON UT US,20131126,34,47,28,31
GHCND:USS0012M26S,AGUA CANYON UT US,20131127,31,36,28,28
GHCND:USS0012M26S,AGUA CANYON UT US,20131128,30,36,24,30
GHCND:USS0012M26S,AGUA CANYON UT US,20131129,32,39,27,31
GHCND:USS0012M26S,AGUA CANYON UT US,20131130,33,42,26,31
GHCND:USS0012M26S,AGUA CANYON UT US,20131201,37,51,28,38
GHCND:USS0012M26S,AGUA CANYON UT US,20131202,39,48,34,35
GHCND:USS0012M26S,AGUA CANYON UT US,20131203,30,35,13,13
GHCND:USS0012M26S,AGUA CANYON UT US,20131204,7,14,-1,3
GHCND:USS0012M26S,AGUA CANYON UT US,20131205,7,20,-1,0
GHCND:USS0012M26S,AGUA CANYON UT US,20131206,12,25,-3,13
GHCND:USS0012M26S,AGUA CANYON UT US,20131207,14,19,8,8
GHCND:USS0012M26S,AGUA CANYON UT US,20131208,5,17,-2,2
GHCND:USS0012M26S,AGUA CANYON UT US,20131209,8,22,-5,18
GHCND:USS0012M26S,AGUA CANYON UT US,20131210,28,42,16,24
GHCND:USS0012M26S,AGUA CANYON UT US,20131211,26,34,21,27
GHCND:USS0012M26S,AGUA CANYON UT US,20131212,31,37,26,31
GHCND:USS0012M26S,AGUA CANYON UT US,20131213,27,35,16,17
GHCND:USS0012M26S,AGUA CANYON UT US,20131214,25,37,15,33
GHCND:USS0012M26S,AGUA CANYON UT US,20131215,38,47,31,37
GHCND:USS0012M26S,AGUA CANYON UT US,20131216,41,52,35,37
GHCND:USS0012M26S,AGUA CANYON UT US,20131217,41,52,35,41
GHCND:USS0012M26S,AGUA CANYON UT US,20131218,41,48,34,35
GHCND:USS0012M26S,AGUA CANYON UT US,20131219,30,38,24,24
GHCND:USS0012M26S,AGUA CANYON UT US,20131220,21,27,14,22
GHCND:USS0012M26S,AGUA CANYON UT US,20131221,24,29,18,19
GHCND:USS0012M26S,AGUA CANYON UT US,20131222,24,31,16,26
GHCND:USS0012M26S,AGUA CANYON UT US,20131223,32,44,24,36
GHCND:USS0012M26S,AGUA CANYON UT US,20131224,33,43,22,23
GHCND:USS0012M26S,AGUA CANYON UT US,20131225,30,42,21,32
GHCND:USS0012M26S,AGUA CANYON UT US,20131226,36,45,29,33
GHCND:USS0012M26S,AGUA CANYON UT US,20131227,39,50,33,36
GHCND:USS0012M26S,AGUA CANYON UT US,20131228,33,43,18,18
GHCND:USS0012M26S,AGUA CANYON UT US,20131229,24,39,14,28
GHCND:USS0012M26S,AGUA CANYON UT US,20131230,35,46,28,34
GHCND:USS0012M26S,AGUA CANYON UT US,20131231,39,53,33,33
